{
  "name": "人名",
  "title": "",
  "fillData": "all",
  "moreData": {
    "中文": [
      "丁幼荷",
      "蒙炫",
      "郭幻翠",
      "夔澍",
      "陆夫",
      "翁钧",
      "戚代珊",
      "羿忆彤",
      "钟友巧",
      "蓟凝竹",
      "彭思萱",
      "袁巍",
      "孙峙",
      "狄春文",
      "苏绮山",
      "公凌翠",
      "梁涓",
      "晏妞妞",
      "商沅",
      "邓久久",
      "艾秋白",
      "崔正德",
      "班元芹",
      "江紫蓝",
      "汪半梅",
      "赖武成",
      "曾冰旋",
      "史坦",
      "钟之玉",
      "刁安白",
      "戎至顺",
      "匡紫山",
      "柴烟",
      "米晓露",
      "苏寄凡",
      "方海莲",
      "孙琛琛",
      "夔兆",
      "瞿绿凝",
      "缪久视",
      "牛半双",
      "徐谷枫",
      "贾牧",
      "吴神龟",
      "张访旋",
      "伦南莲",
      "连麦",
      "傅夜蕾",
      "沈紫丝",
      "于寒安"
    ],
    "日文": [
      "新井佑佳子",
      "坂本いづみ",
      "明田川仁",
      "末廣健一郎",
      "梶田由加里",
      "坂倉隆子",
      "阿久媛子",
      "島戸达雄",
      "天岡成美",
      "闘竜和夫",
      "米内山有美子",
      "叶野玛利亚",
      "神屋友佳子",
      "秋蕾米",
      "田和拉拉",
      "御塩进介",
      "城後珪",
      "加山美佳",
      "浅海久雄",
      "かすや比奈子",
      "海藤奈美恵",
      "戸水由佳",
      "杵渕美里",
      "初井和彦",
      "供田美幸",
      "舟渡理恵",
      "美土路纯子",
      "楢木美子",
      "三村望",
      "力武珠恵",
      "北の湖崇之",
      "今江恵美",
      "南美川喜江",
      "後条登美江",
      "白井尚子",
      "重吉牧子",
      "満永沙耶",
      "真室秀二",
      "東園美夕",
      "柘孝一",
      "道幸行雄",
      "草双紙隆志",
      "天野江里子",
      "木綿靖彦",
      "松原留美子",
      "刈米直纪",
      "町島登世志",
      "三枝伊织",
      "岩垣恵里",
      "佐崎和男",
      "多比羅博司",
      "酒谷良三",
      "知光圣",
      "三角淑子",
      "柿島里恵",
      "小野方弘则",
      "榧根真寿美",
      "小井田喜久恵",
      "鎌形纯奈",
      "柿内沙理菜",
      "杉原和菜",
      "喜久山馨",
      "新堀沙织",
      "希代福子",
      "金原桃枝",
      "三戸浩靖",
      "岡畠姫子",
      "島地芽衣子",
      "根田沙希",
      "斎賀奈々美",
      "大空聡子",
      "白藤稚子",
      "州之内彩香",
      "田藤佑辅",
      "大河津贵代美",
      "沼野井千早",
      "赤本百恵",
      "豊野美铃",
      "藤盛音羽",
      "槻野真希",
      "若泉并恵",
      "嶋崎宁",
      "藤正健",
      "南崎有香",
      "坂下寿美江",
      "財間浩",
      "玉神千恵子",
      "谷中香佑",
      "武部和光",
      "盛宇野",
      "松畑武",
      "万成観铃",
      "八反理奈",
      "蟹谷真司",
      "木間瀬恵理子",
      "能桜子",
      "山口真理恵",
      "滝瀬南",
      "南江雪奈",
      "安久井有理奈",
      "桑沢実り",
      "豊田励子",
      "菊永玲子",
      "岡和田温子",
      "万宮公一",
      "大朝爱美",
      "正林摩耶",
      "細窪桂",
      "楊井映子",
      "西津香奈",
      "常田博一",
      "浅倉美沙",
      "九内奈绪子",
      "秩晴美",
      "百沢槙子",
      "大浪佐和子",
      "日置恵士",
      "柿畑里香",
      "館野富美江",
      "枝島静香",
      "立野园子",
      "曽村晶子",
      "任田安娜",
      "野依秀洋",
      "長西裕子",
      "新垣嘉穂理",
      "豊玉正友美",
      "静田利枝",
      "迫畑俊夫",
      "前坂理沙",
      "灘山铃奈",
      "古山新一",
      "花形将",
      "井樋田有子",
      "丸浜茜",
      "椎崎真美",
      "朴千鹤",
      "櫛谷苑子",
      "宅野修",
      "伊勢崎博之",
      "古谷音叶",
      "佐生富美子",
      "岩上匡志",
      "河之口敏彦",
      "鹿目势津子",
      "継田久枝",
      "海城亜矢子",
      "大熊裕志",
      "たしろ栄美子",
      "細山涙",
      "増谷百合子",
      "面富佐子",
      "上飯坂美香子",
      "鍵野丽",
      "鮎川奈保子",
      "志保田和弘",
      "梯野里",
      "柄川美树",
      "むかし家绫",
      "表原敏之",
      "伏下正躬",
      "池見纪香",
      "西江秋叶",
      "荻崎江美",
      "冨倉柚子",
      "野久尾加悦",
      "桑門瑠美子",
      "五百籏頭琴乃",
      "礒崎真奈美",
      "真渓美纱",
      "米山夕菜",
      "桑島睦子",
      "安斎一美",
      "冨士谷多津子",
      "室積千絵",
      "椎根雅之",
      "盛一美羽",
      "岩藤美智子",
      "関戸达子",
      "親松奈绪",
      "福吉里奈",
      "神尾艶子",
      "胡麻鶴优二",
      "奥島登美枝",
      "見立寿美恵",
      "上遠真纱子",
      "旗野哲子",
      "五島栄美",
      "渦巻恵以子",
      "薬師桃恵",
      "車古智夫",
      "小沢光",
      "矢延喜久枝",
      "貞宮椎名",
      "石射毅士",
      "塩崎顺子",
      "米金美千子",
      "米一美那子",
      "村部若菜",
      "伊香千春",
      "坂詰喜久栄",
      "八戸美津枝",
      "田長丸佐知子",
      "那智久留米け",
      "下総真央",
      "淵脇刚一",
      "岩沢太郎",
      "武笠勉",
      "家野公雄",
      "弓倉麻衣",
      "牧戸文明",
      "細呂木久美子",
      "武蔵山雪絵",
      "余川玉绪ち",
      "川中花梨",
      "御田纪枝",
      "季羽志野",
      "小谷松安奈",
      "徳間佳行",
      "末田杏子",
      "武松景子こ",
      "尾川茂典",
      "美島香奈恵",
      "保原良子",
      "浅里繁",
      "古池美咲",
      "服藤安寿",
      "潮見洋子",
      "柊野修",
      "堂上寺桃",
      "巷庵和歌子",
      "中條咲",
      "上吉原夏江",
      "花ノ藤章",
      "岡辺安",
      "比良野静",
      "松沢浅香",
      "吉谷浄子",
      "土宜嘉子",
      "佐野山凛",
      "平池多佳子",
      "広石彻子",
      "山室将彦",
      "広本恵美理",
      "秋藤郁子",
      "小井佐千子",
      "矢矧美夏",
      "来水利之",
      "東寺七瀬",
      "寺門冬美へ",
      "菅木胜则",
      "久保寺晶夫",
      "水郡大三",
      "近賀启之",
      "宮津瑞希",
      "太木恵子",
      "大亦夏树",
      "多摩園霞",
      "上之門世津子",
      "加瀬由纪子",
      "千間加那き",
      "清水谷薫",
      "小座間利晴",
      "平島千夏",
      "金原留美奈",
      "三戸部光枝",
      "森元梨乃",
      "小幡诚",
      "寺出明日香",
      "上園恵理沙",
      "溜島佐江子",
      "西照寺鳕美",
      "三ケ島一恵",
      "川満晴",
      "大神绫子",
      "谷津真千子",
      "保野歩美",
      "滝井和子",
      "杉村达子",
      "笹野微雄",
      "山尾纯菜",
      "馬場崎隆",
      "紅の屋达也",
      "弓野友香",
      "八野富栄",
      "芹沢绚子",
      "朝山美并",
      "台ケ原雅子",
      "杉松沙都子",
      "小船井治",
      "乙黒真澄",
      "入山由美子",
      "宮倉恵郁子",
      "草川敏之",
      "竹淵春名",
      "廿日出澄子",
      "金杉叶子",
      "佐古井福子",
      "繁崎香织",
      "脇水绫野",
      "植草孝浩",
      "城台亜纪子",
      "飯川有子",
      "芹政彦",
      "氏平恵美子",
      "丹葉麻美",
      "安馬润",
      "仓科优",
      "貴峰朝香",
      "上垣外由美",
      "正保由嘉里",
      "宇樹健一",
      "杉上利美",
      "樹晴子",
      "蓑内吉子",
      "貞松利佳",
      "久田清见",
      "阿久刀川佐智子",
      "西北学",
      "仲村裕基",
      "小花美江",
      "小栗栖佐代子",
      "大三川都志男",
      "伊豆見経子",
      "大竹沙理奈",
      "奈良部南朝",
      "飯山纪代美",
      "美和美纪",
      "真藤総子",
      "角替千佳",
      "杢亜由美",
      "宗田友絵",
      "新渡戸博美",
      "絲原雅文",
      "豊水利恵",
      "かわむら律子",
      "波多野文恵",
      "川角喜代美",
      "高坊真智子",
      "脇村美津夫",
      "里中静奈",
      "長元喜恵子",
      "宮下喜久江",
      "北谷进",
      "寺窪春子",
      "上塘林檎",
      "舟木纪江",
      "松久保绫乃",
      "栗藤美都子",
      "麹谷菜穂",
      "野上小雪",
      "和木真帆",
      "柿沢昭彦",
      "黄温树",
      "玉代勢宏史",
      "定田亚理",
      "四宅昌二",
      "真如俊一",
      "海部富美恵",
      "川副淳子",
      "瀬江菊/鞠",
      "荒居祥子",
      "広森佳奈子",
      "湧永眉",
      "淵野寿男",
      "久富木原ユリカ",
      "吉松嘉美",
      "的井麻衣子",
      "可愛爱",
      "大井千恵美",
      "片上知里子つ",
      "飯名絵里子",
      "庄子和纱",
      "芦屋亜希子",
      "池部光恵",
      "黒坂千佳子",
      "鴫花子",
      "菊島舞",
      "昇塚利英",
      "畦森直希",
      "魚橋真纪",
      "今野真由",
      "藤枝亮子",
      "中斉丽子",
      "日下久美",
      "友部敦子",
      "敷地亜佐美",
      "野木泉",
      "稲生梢",
      "両部信す",
      "藩田鮎子",
      "田高亜栗",
      "棚下美穂",
      "横川裕之",
      "鷲平英二",
      "喜見徳子",
      "道菅和佳子",
      "多和贵子",
      "星島隆美",
      "上代富恵",
      "古路智",
      "白水江利子",
      "四柳敏美",
      "小溝秋",
      "奥積胜彦",
      "佐々見美穂子",
      "相浦雅重",
      "絵所佑子",
      "紅梅朝子",
      "星見佐纪",
      "上崎忠一",
      "和久井成美",
      "国実圣子",
      "竹安薫",
      "小早川广野",
      "北条沙也加",
      "サイキ真纯",
      "今里秋子",
      "染田屋允子",
      "朝鍋唯",
      "克健",
      "橋村奈津子",
      "重宗敦美",
      "九頭龍恵里",
      "古沢美加",
      "一丸広美ふ",
      "我妻纪",
      "辰野由佳利",
      "春龍軒満枝",
      "紺谷升",
      "三田地阿澄",
      "楠戸庆子",
      "師榛名",
      "松葉軒辰美",
      "千浦弘通",
      "野馆早苗",
      "座主美季子",
      "鹿津公美",
      "和野内穗花",
      "汾陽名嘉",
      "万歳富江",
      "手越奈々子",
      "范麻美",
      "空木兰子",
      "さとうち须美子",
      "喜田川健一",
      "安水久留美",
      "松角安纪子",
      "上藤鲑",
      "一ノ宮香子",
      "木場郁美",
      "島橋大",
      "田ノ井郁江",
      "小嶋真由美",
      "四橋成実",
      "大谷纪美",
      "アナグリウス富美",
      "永持时子",
      "浦谷厚子",
      "古曳义子",
      "大脇真里",
      "森角琴美",
      "阿坂麻世",
      "影山爱莲娜",
      "三道康仪",
      "文沢雅好",
      "打越伸司",
      "竹口小夜子",
      "寺原明",
      "力丸真由子",
      "開田幸二",
      "樗木美纪子",
      "譚有纪",
      "吉谷琉璃子",
      "高田麻纪",
      "植和田実",
      "調所智子",
      "ラグーザ丽子",
      "押川早纪",
      "穂井田元司",
      "末永千秋",
      "阿笠伸弥",
      "堂野纪子",
      "大都真奈",
      "安立幸恵",
      "尾岸新一",
      "少名子晴奈",
      "丹地美美",
      "道永信弘",
      "石嶺絵理奈",
      "住宅秋子",
      "石山修一郎",
      "旦尾恋",
      "静永裕子",
      "柿谷薫理",
      "砂本美喜",
      "太作瑞穂",
      "龍勝喜美子",
      "三治朋美",
      "万屋孝美",
      "田勢贵史",
      "志茂田立子",
      "深代安喜子",
      "立半可怜",
      "粂川秋奈",
      "一夢尚美",
      "吉峯奈津江",
      "寿山千纱",
      "森際彩香",
      "藤壷千寻",
      "葛山三千代",
      "榎倉雅史",
      "喜村晴子",
      "龍康殿英子",
      "今北素子",
      "島下菊枝",
      "生瀬和成",
      "石地一夫",
      "善哉胜美",
      "瑛美知",
      "羽地真佐子",
      "東村浩志",
      "酒井敏之",
      "木川协子",
      "芳坂有季子",
      "上武未亜",
      "六本佳子",
      "的场优",
      "房木美由",
      "出水若子",
      "光田歳子",
      "和辻佳寿子",
      "道元夜夜子",
      "竹田隆一",
      "瀬元久司"
    ],
    "英文": [
      "Woodrow Joe",
      "Dwight Gladstone",
      "Andy Joyce",
      "Gustave Ruskin",
      "Burnell Brown",
      "Abner Sassoon",
      "Tyrone Lewis",
      "Atwood Rosalind",
      "Fabian Patrick",
      "Hobart Raphael",
      "Megan Steele",
      "Mandel Sidney",
      "Arthur Foster",
      "Patricia Leopold",
      "Yetta Jennings",
      "Vic Nehemiah",
      "Valerie Dolly",
      "Jennifer Daniell",
      "Martha Albert",
      "Michelle Cocker",
      "Joanne Susanna",
      "Carr Nancy",
      "Tiffany George",
      "Laurel Bloomer",
      "Wallis Christie",
      "Mildred McCarthy",
      "Bard Morris",
      "Corey Lawson",
      "Oliver Oliver",
      "Sandra Vaughan",
      "Miles Kathleen",
      "Ann Brook",
      "Benson Doherty",
      "Andre Jerome",
      "Everley Kelsen",
      "Benedict Larkin",
      "Wilbur Michael",
      "Hayden Rayleign",
      "Quinn Obadiah",
      "Lena Lynch",
      "Giles Grey",
      "Kenneth Susan",
      "Sidney Jonathan",
      "Howar Grace",
      "Darcy Fowler",
      "Blanche Dupont",
      "Bella Noyes",
      "Bertha Wells",
      "Bblythe Kipling",
      "Belle Wilde",
      "Boyd London",
      "Afra Frances",
      "Kyle Woolley",
      "Norton Hubbard",
      "Letitia Carter",
      "Otis Gibbon",
      "Eudora Nelson",
      "Ula Andrew",
      "Wordsworth Antoinette",
      "Caroline Malthus",
      "Eileen Henrietta",
      "Meredith Augustine",
      "Nicole Fox",
      "Abel Howell(s)",
      "Harvey Lyly",
      "Jessie Nicholas",
      "Norman Wordsworth",
      "Harriet Beard",
      "Yedda DeQuincey",
      "Chapman Yule",
      "Sara Bessemer",
      "Juliet Walker",
      "Dean Carroll",
      "Prima Dora",
      "Roy Sander",
      "Lucien Elizabeth",
      "Rosemary Wilson",
      "Abbott Nelly",
      "Vito Dewar",
      "Augus Wesley",
      "Ira Eisenhower",
      "Stanley Twain",
      "Edgar Cissie",
      "Hedy Christy",
      "Nelly Trevelyan",
      "Jeff Buckle",
      "Evelyn Franklin",
      "Berg Wat",
      "Gilbert Gunther",
      "Duke Robeson",
      "Gregary Ernest",
      "Fanny Raymond",
      "Carter Cumberland",
      "Reg Hewlett",
      "Nicholas Masefield",
      "Luther Tobias",
      "Jocelyn Jefferson",
      "Jay Gresham",
      "Setlla Shelley",
      "Barret David",
      "Lorraine Bertha",
      "Isaac William",
      "Kennedy Grant",
      "Denise Morton",
      "Genevieve Leighton",
      "Stan Waters",
      "Edith Bach",
      "Lisa Electra",
      "York Hobson",
      "Quintina Bloor",
      "Frederica Archibald",
      "Moses Blake",
      "Madge Harrington",
      "Jane Back",
      "Aries Walsh",
      "Scott Jean",
      "Bartholomew Leonard",
      "Wayne Gissing",
      "Ethel Mac-",
      "Milo Holmes",
      "Barry Lowell",
      "Delia Noah",
      "Jo Bulwer",
      "Christine Jessie",
      "Winston Springhall",
      "Calvin Eden",
      "Bonnie ",
      "Hulda DuBois",
      "Levi Evan",
      "Wanda Bush",
      "Betty Newton",
      "Yvette Wyclif(fe)",
      "Porter Bentham",
      "Gail Morgan",
      "Nydia Micah",
      "Leila Emily",
      "Mandy Bridges",
      "Diana Roger",
      "Brandon Dorothea",
      "Dennis Francis",
      "Bishop Kit",
      "Xenia Simpson",
      "Vicky Thackeray",
      "Lewis Ricardo",
      "Gladys Ferguson",
      "Maxwell Stilwell",
      "Elvira Philemon",
      "Ada Burns",
      "Stephanie Marlowe",
      "Arno Quiller",
      "Bill Eve",
      "Joyce Bird",
      "Buck Romeo",
      "Rosalind Pearson",
      "Alva Powell",
      "Theresa Kennan",
      "Elaine Sherwood",
      "Jack Jenkin(s)",
      "Chester Hicks",
      "Edward Benjamin",
      "Lucy Barton",
      "Maggie Alsop(p)",
      "Douglas Toynbee",
      "Yehudi Mike",
      "Lynn Lizzie",
      "Gabriel Poe",
      "Gloria Thomson",
      "Winni Middleton",
      "Arlene Doris",
      "Colin Tony",
      "Gill Bartholomew",
      "Dolores Meg",
      "Clement Keynes",
      "Aaron Stevenson",
      "Annabelle Arnold",
      "Dana Clara",
      "Mabel Lawrence",
      "Eden Tate",
      "Ted Patience",
      "Edison Landon",
      "Nina Strong",
      "Martina I.",
      "Jesse Dalton",
      "Julian Dunlop",
      "Ralap Rose",
      "Dorothy Eipstein",
      "Bess Bray",
      "Tab Rockefeller",
      "Noel Hope",
      "Virginia Helin(a)",
      "Alger Kennedy",
      "Victoria Emerson",
      "Tina Frederick",
      "Regina Lynd",
      "Lee Maurice",
      "Claude Sharp",
      "Andrea Van",
      "Antonia Montgomery",
      "Sally Mansfield",
      "Polly Jonson",
      "Adolph Wollaston",
      "Iris Wyld(e)",
      "Bennett Martha",
      "Suzanne Vogt",
      "Chad Felix",
      "Pearl Bart",
      "Carol Gosse",
      "Dale Addison",
      "Joyce Agnes",
      "Constance Edith",
      "Natalie Frank",
      "Alma Margery",
      "Morton Lucius",
      "Beryl Tennyson",
      "Elsa Carnegie",
      "Sheila Adolph",
      "Herbert Richard",
      "Max Marner",
      "Taylor Dryden",
      "Cornelius Carl",
      "Griffith Benedict",
      "Beau Thomas",
      "Quincy Louis",
      "Molly Hornby",
      "Lawrence Bertram",
      "Ernest Virginia",
      "Earl Crofts",
      "Elizabeth Abe",
      "Bernice Alfred",
      "Ed Lamb",
      "Moira Service",
      "Amos Elsie",
      "Coral Pater",
      "Daniel Lytton",
      "Lester Abbot(t)",
      "Rupert Field",
      "Cecil Babbitt",
      "Winifred Billy",
      "Kristin Marcellus",
      "Elmer Forster",
      "Astrid Tobias",
      "Bert Coverdale",
      "Geraldine Cumberland",
      "Julius Keats",
      "Elvis Coffey",
      "Ursula Field",
      "Stacey Bell",
      "Brady Sawyer",
      "Jason Adam",
      "Ula Ted",
      "Monica Brooke",
      "Colin Marlowe",
      "Eileen Orlando",
      "Joseph Locke",
      "John Galsworthy",
      "Calvin Crichton",
      "Miranda Spender",
      "Cathy Ellen",
      "Bruno Keppel",
      "Harley Stephens",
      "Dawn Amelia",
      "Crystal Pullan",
      "Matthew Lyly",
      "Boyce Occam",
      "Kenneth Spenser",
      "Bess Crane",
      "Alice Carey",
      "Marvin Hornby",
      "Jennifer Watt",
      "Maud Lambert",
      "Jeff Horatio",
      "Dominic Sinclair",
      "Agnes Valentine"
    ]
  },
  "random": true
}
